{
  "accuracy": 0.9057763211798443,
  "precision": 0.7275449101796407,
  "recall": 0.6361256544502618,
  "f1": 0.6787709497206704,
  "roc_auc": 0.9339625040366771
}